path,id
tape-8.png,4ukeDloi9VugwE2bR4w6L-XbTKPIltcWuaJwGBMJf2w
tape-2.png,pYX6w8mGvfHcO2ArFtpCmU0diq4LQEQFktG79YYtGXs
tape-11.png,4QkDwX8JUfTF-ZBLJwcpxcUwwn1pjItKhg38RjXKh38
tape-12.png,4ahfII1eLtJodm5VVzOYSGJPTQN4VJo-OrF0PggYOIY
tape-7.png,NIqMk23cZwbxkd4OZOqbOtm__qUhofZnVyIoNXhLnCg
tape-1.png,cRgPGTJC2TcpKWh3auoGIqqKJXTm2Yly3XBUtneueH0
tape-3.png,Bn2aK8CQ86QDcEu98QT0qTc6atEbZKfSVu1df04C86U
tape-9.png,WckZ1rgENky0qyHctgh6Ip-w8Ja4gUHbwDulOTdWW6A
tape-5.png,GDBbF838cY9c6I-upRwbOgivFMVQy5np-mLw-ns7xmI
tape-6.png,yxGrWUjU1H8iyyEO6meD47FvTmcjX28EPv6S2fTYywM
tape-10.png,zgMV-doPmW5qQNOmwbkzdlIUr_kPixZ8GoWpxvfn_K0
tape-4.png,1IK5aZCBIwYyx3juI9YvV9MyZUE2r_k0LRHbujTHrqk
